<?xml version="1.0" encoding="UTF-8"?>
<!DOCTYPE mapper PUBLIC "-//mybatis.org//DTD Mapper 3.0//EN" "http://mybatis.org/dtd/mybatis-3-mapper.dtd">
<mapper namespace="com.example.provider01.dao.LabelDao">

    <resultMap type="com.example.provider01.entity.Label" id="LabelMap">
        <result property="id" column="id" jdbcType="INTEGER"/>
        <result property="name" column="name" jdbcType="VARCHAR"/>
        <result property="pid" column="pid" jdbcType="INTEGER"/>
        <result property="level" column="level" jdbcType="VARCHAR"/>
    </resultMap>


<!--    &lt;!&ndash;查询list&ndash;&gt;-->
<!--    <select id="list" resultMap="UserMap">-->
<!--        select *-->
<!--        from user-->
<!--    </select>-->


    <select id="queryTree" resultType="com.example.provider01.entity.Label">
        select *
        from label
        <where>
            <if test="label.id != null">
                and id = #{label.id}
            </if>
            <if test="label.name != null and label.name != ''">
                and name = #{label.name}
            </if>
            <if test="label.parentId != null">
                and parentId = #{label.parentId}
            </if>
            <if test="label.level != null and label.level != ''">
                and level = #{label.level}
            </if>
        </where>
    </select>


    <select id="query" resultType="com.example.provider01.entity.Label">
        select *
        from label
        <where>
            <if test="label.id != null">
                and id = #{label.id}
            </if>
            <if test="label.name != null and label.name != ''">
                and name = #{label.name}
            </if>
            <if test="label.parentId != null">
                and parentId = #{label.parentId}
            </if>
            <if test="label.level != null and label.level != ''">
                and level = #{label.level}
            </if>
        </where>
    </select>

    <select id="queryByParentId" resultType="com.example.provider01.entity.Label">
        select *
        from label
        <where>
           parentId = #{parentId}
        </where>
    </select>
    <select id="queryUp" resultType="com.example.provider01.entity.Label">
        WITH RECURSIVE tmp AS (
        -- 初始查询
        SELECT id, name, parentId,level
        FROM label
        WHERE name like concat(#{label.name}, "%" ) and level = #{label.level}
        UNION ALL
        -- 递归部分
        SELECT l.id, l.name, l.parentId,l.level
        FROM label l
        INNER JOIN tmp t ON t.parentId = l.id

        )
        -- 最终查询
        SELECT DISTINCT id, name, parentId,level
        FROM tmp;
    </select>
    <select id="queryByPage" resultType="com.example.provider01.entity.Label">
        SELECT
            *
        FROM
            label
        WHERE
            LEVEL = 3
    </select>
    <select id="queryName" resultType="com.example.provider01.entity.Label">
        SELECT
        id, name, parentId, level
        FROM
            label
        WHERE
            id IN
        <foreach item="item" collection="ids" open="(" separator="," close=")">
            #{item}
        </foreach>
    </select>

    <!--    &#45;&#45;         WHERE t.level &lt; (#{label.level} &amp;#43; 1)-->
</mapper>

