<?xml version="1.0" encoding="UTF-8"?>
<!DOCTYPE mapper PUBLIC "-//mybatis.org//DTD Mapper 3.0//EN" "http://mybatis.org/dtd/mybatis-3-mapper.dtd">
<mapper namespace="com.example.provider01.dao.UserDao">

    <resultMap type="com.example.provider01.entity.User" id="UserMap">
        <result property="id" column="id" jdbcType="INTEGER"/>
        <result property="username" column="username" jdbcType="VARCHAR"/>
        <result property="birthday" column="birthday" jdbcType="TIMESTAMP"/>
        <result property="sex" column="sex" jdbcType="VARCHAR"/>
        <result property="address" column="address" jdbcType="VARCHAR"/>
        <result property="name" column="name" jdbcType="VARCHAR"/>
        <result property="password" column="password" jdbcType="VARCHAR"/>
        <result property="age" column="age" jdbcType="INTEGER"/>
        <result property="status" column="status" jdbcType="INTEGER"/>
    </resultMap>

    <!--查询单个-->
    <select id="queryById" resultMap="UserMap">
        select id,
               username,
               birthday,
               sex,
               address,
               name,
               password,
               age,
               status
        from user
        where id = #{id}
    </select>

    <!--查询list-->
    <select id="list" resultMap="UserMap">
        select *
        from user
    </select>

    <select id="getUserByStatus" resultMap="UserMap">
        select *
        from user
        where status = #{status}
    </select>

    <!--查询指定行数据-->
    <select id="queryAllByLimit" resultMap="UserMap">
        select
        id, username, birthday, sex, address, name, password, age, status
        from user
        <where>
            <if test="id != null">
                and id = #{id}
            </if>
            <if test="username != null and username != ''">
                and username = #{username}
            </if>
            <if test="birthday != null">
                and birthday = #{birthday}
            </if>
            <if test="sex != null and sex != ''">
                and sex = #{sex}
            </if>
            <if test="address != null and address != ''">
                and address = #{address}
            </if>
            <if test="name != null and name != ''">
                and name = #{name}
            </if>
            <if test="password != null and password != ''">
                and password = #{password}
            </if>
            <if test="age != null">
                and age = #{age}
            </if>
            <if test="status != null">
                and status = #{status}
            </if>
        </where>
        limit #{pageable.offset}, #{pageable.pageSize}
    </select>

    <!--统计总行数-->
    <select id="count" resultType="java.lang.Long">
        select count(1)
        from user
        <where>
            <if test="id != null">
                and id = #{id}
            </if>
            <if test="username != null and username != ''">
                and username = #{username}
            </if>
            <if test="birthday != null">
                and birthday = #{birthday}
            </if>
            <if test="sex != null and sex != ''">
                and sex = #{sex}
            </if>
            <if test="address != null and address != ''">
                and address = #{address}
            </if>
            <if test="name != null and name != ''">
                and name = #{name}
            </if>
            <if test="password != null and password != ''">
                and password = #{password}
            </if>
            <if test="age != null">
                and age = #{age}
            </if>
            <if test="status != null">
                and status = #{status}
            </if>
        </where>
    </select>

    <!--新增所有列-->
    <insert id="insert" keyProperty="id" useGeneratedKeys="true">
        insert into user(username, birthday, sex, address, name, password, age, status)
        values (#{username}, #{birthday}, #{sex}, #{address}, #{name}, #{password}, #{age}, #{status})
    </insert>

    <insert id="insertBatch" keyProperty="id" useGeneratedKeys="true">
        insert into user(username, birthday, sex, address, name, password, age, status)
        values
        <foreach collection="entities" item="entity" separator=",">
            (#{entity.username}, #{entity.birthday}, #{entity.sex}, #{entity.address}, #{entity.name},
            #{entity.password}, #{entity.age}, #{entity.status})
        </foreach>
    </insert>

    <insert id="insertOrUpdateBatch" keyProperty="id" useGeneratedKeys="true">
        insert into user(username, birthday, sex, address, name, password, age, status)
        values
        <foreach collection="entities" item="entity" separator=",">
            (#{entity.username}, #{entity.birthday}, #{entity.sex}, #{entity.address}, #{entity.name},
            #{entity.password}, #{entity.age}, #{entity.status})
        </foreach>
        on duplicate key update
        username = values(username),
        birthday = values(birthday),
        sex = values(sex),
        address = values(address),
        name = values(name),
        password = values(password),
        age = values(age),
        status = values(status)
    </insert>

    <!--通过主键修改数据-->
    <update id="update">
        update user
        <set>
            <if test="username != null and username != ''">
                username = #{username},
            </if>
            <if test="birthday != null">
                birthday = #{birthday},
            </if>
            <if test="sex != null and sex != ''">
                sex = #{sex},
            </if>
            <if test="address != null and address != ''">
                address = #{address},
            </if>
            <if test="name != null and name != ''">
                name = #{name},
            </if>
            <if test="password != null and password != ''">
                password = #{password},
            </if>
            <if test="age != null">
                age = #{age},
            </if>
            <if test="status != null">
                status = #{status},
            </if>
        </set>
        where id = #{id}
    </update>

    <!--通过主键删除-->
    <delete id="deleteById">
        delete
        from user
        where id = #{id}
    </delete>


    <!--通过主键修改数据-->
    <update id="deleteByStatus">
        delete
        from user
        where status = #{status}
    </update>

    <select id="queryCount" resultType="java.lang.Integer">
        select COUNT(1)
        from user
        where status = #{status}
    </select>
    <select id="queryUserName" resultType="java.lang.String">
        select username
        from user
        where status = #{status}
        limit :length offset :start
    </select>

    <select id="queryList" resultType="java.lang.String">
        select username
        from user
        limit 500
    </select>

</mapper>

